Creation,MergeTime,id,isPr,N. of Comments,Closed,N. Labels,author, labelStatus, lastUpdateTime, milestoneTitle, Repository
1617628703,NA,33335,1,2,0,5,dildick,NNNNNNNNNNNNNNNNPPNNN,1617629213,CMSSW_11_3_X,cms-sw/cmssw
1617618121,NA,33334,1,4,0,5,civanch,NNNNNNNNNNNNNNNNPANNN,1617628381,CMSSW_11_3_X,cms-sw/cmssw
1617558219,NA,33333,1,7,0,7,lecriste,NNNNNNNNNNNNNNNAPAPNN,1617639535,CMSSW_11_3_X,cms-sw/cmssw
1617544400,NA,33332,1,5,0,5,Dr15Jones,NNPNNNNNNNNNNNNNNPNNN,1617637004,CMSSW_11_3_X,cms-sw/cmssw
1617455417,NA,33331,1,10,0,5,francescobrivio,ANNNNNNNNNNNNNNNNANNN,1617627674,CMSSW_11_3_X,cms-sw/cmssw
1617333346,NA,33324,1,6,0,7,sharmaaash,NNNNNNNNPNNNNNPNNAPNN,1617625340,CMSSW_11_3_X,cms-sw/cmssw
1617291527,NA,33322,1,6,0,5,hqucms,NNNNNNNNNNNNNNNANANNN,1617637839,CMSSW_11_3_X,cms-sw/cmssw
1617278145,NA,33321,1,2,0,5,dan131riley,NNNNPNNNNNNNNNNNNPNNN,1617278566,CMSSW_11_3_X,cms-sw/cmssw
1617275686,NA,33320,1,11,0,5,davidlange6,PNNNNNNNNNNNNNNNNANNN,1617359031,CMSSW_11_3_X,cms-sw/cmssw
1617211894,NA,33319,1,14,0,5,mmusich,NNNNNNNNNPNNNNNNNANNN,1617636625,CMSSW_11_3_X,cms-sw/cmssw
1617200303,NA,33318,1,15,0,8,felicepantaleo,NNNNNANNNNNNNNNPPAPNN,1617621203,CMSSW_11_3_X,cms-sw/cmssw
1617177057,NA,33311,1,5,0,5,dinyar,NNNNNANNNNNNPNNNNANNN,1617201404,CMSSW_11_2_X,cms-sw/cmssw
1617170781,NA,33308,1,4,0,5,mgratti,NNNNNNNNPNNNNNNNNANNN,1617360443,CMSSW_11_3_X,cms-sw/cmssw
1617170198,NA,33307,1,4,0,5,jeongeun,NNNNNNNNNNNNNNNPNANNN,1617625049,CMSSW_11_3_X,cms-sw/cmssw
1617112439,NA,33301,1,10,0,5,bsunanda,PNNNNNNNNNNNNNNNNANNN,1617216201,CMSSW_11_3_X,cms-sw/cmssw
1617112253,NA,33300,1,7,0,6,claralasa,NNNNNNNNNNNNNNNNPAPNN,1617207391,CMSSW_11_3_X,cms-sw/cmssw
1617109577,NA,33299,1,5,0,5,mgratti,NNNNNNNNNNNNNNNNPANNN,1617472373,CMSSW_11_3_X,cms-sw/cmssw
1616777333,NA,33280,1,23,0,7,mmusich,PNNNPPNNNNNNNNNNNANNN,1617635866,CMSSW_11_3_X,cms-sw/cmssw
1616685399,NA,33272,1,18,0,6,parbol,NNNNNNNNNNNNNNNPNPPNN,1617634495,CMSSW_11_3_X,cms-sw/cmssw
1616660116,NA,33266,1,8,0,5,silviodonato,NNNNNNNNNNNNNNNPNPNNN,1617627006,CMSSW_11_3_X,cms-sw/cmssw
1616596860,NA,33259,1,29,0,5,czangela,NNNNNNNNNNNNNNNPNPNNN,1617193650,CMSSW_11_3_X,cms-sw/cmssw
1616483581,NA,33250,1,10,0,7,jan-kaspar,NNNNNPNNNNNNNPNPNRNNN,1617138833,CMSSW_11_3_X,cms-sw/cmssw
1616416407,NA,33246,1,12,0,5,makortel,NNNNNNNNNNANNNNNNANNN,1617632779,CMSSW_11_3_X,cms-sw/cmssw
1616403495,NA,33243,1,15,0,6,folguera,NNNNNNNNNNNNANNNNAANN,1617621643,CMSSW_11_3_X,cms-sw/cmssw
1616087861,NA,33215,1,42,0,10,forthommel,PNNNNNNNNNNPNPPNNAPNN,1617292724,CMSSW_11_3_X,cms-sw/cmssw
1615878914,NA,33186,1,55,0,10,davidlange6,PPNNNPNNNNNNPNNPPRNNN,1617311483,CMSSW_11_3_X,cms-sw/cmssw
1615306074,NA,33120,1,41,0,4,dildick,NNNNNPNNNNNNNNNNNANNN,1617620730,CMSSW_11_2_X,cms-sw/cmssw
1615149737,NA,33097,1,6,0,5,deinal,NNNNNNNNNNNNNNNNNANNP,1616606790,CMSSW_11_3_X,cms-sw/cmssw
1614976207,NA,33085,1,115,0,5,dildick,NNNNNPNNNNNNNNNNNANNN,1617627640,CMSSW_11_3_X,cms-sw/cmssw
1614786815,NA,33057,1,44,0,7,srimanob,NNNNNNNNNNNNNNPNNAPNN,1617175165,CMSSW_11_3_X,cms-sw/cmssw
1613822335,NA,32957,1,10,0,7,srimanob,NNNNNNNNNNNNNNPNNAANN,1616600882,CMSSW_11_3_X,cms-sw/cmssw
1613611651,NA,32941,1,12,0,8,lecriste,NNNNNPNNNNNNNNNPPPPNN,1617625275,CMSSW_11_3_X,cms-sw/cmssw
1613502049,NA,32930,1,34,0,5,laurenhay,NNNNNNNNPNNNNNNNNPNNP,1616761255,CMSSW_10_6_X,cms-sw/cmssw
1613165892,NA,32903,1,16,0,5,fwyzard,NNNNNNNNNNNPNNNNNPNNN,1616402076,CMSSW_11_1_X,cms-sw/cmssw
1613016437,NA,32875,1,4,0,5,sroychow,NNNNNPNNNNNNNNNNNPNNN,1617612015,CMSSW_11_3_X,cms-sw/cmssw
1612958191,NA,32866,1,3,0,4,sikler,NNNNNPNNNNNNNNNNNPNNN,1613115932,CMSSW_11_2_X,cms-sw/cmssw
1612807477,NA,32845,1,4,0,4,sikler,NNNNNPNNNNNNNNNNNPNNN,1612933474,CMSSW_11_1_X,cms-sw/cmssw
1612371699,NA,32806,1,49,0,8,aehart,NNNNNPNNNNNNNPNPNANNN,1617377852,CMSSW_11_3_X,cms-sw/cmssw
1611838568,NA,32763,1,7,0,5,esindril,NNPNNNNNNNNNNNNNNANNN,1611852676,CMSSW_11_3_X,cms-sw/cmssw
1610412286,NA,32632,1,22,0,5,fwyzard,NNNNNNNNNNPNNNNNNRNNN,1611792899,CMSSW_11_3_X,cms-sw/cmssw
1605645236,NA,32167,1,38,0,6,kdlong,NNNNNNNNPNNNNNNNNANNP,1616598422,CMSSW_11_3_X,cms-sw/cmssw
1605102697,NA,32107,1,18,0,5,mdunser,NNNNNNNNNNNNNNNNNANNP,1617274168,CMSSW_10_6_X,cms-sw/cmssw
1603113861,NA,31854,1,60,0,7,fwyzard,NNNNNNNNNNNNNNPNNRPNN,1617626812,CMSSW_11_3_X,cms-sw/cmssw
1602347709,NA,31746,1,8,0,6,makortel,NNPNNNNNNNNNNNNNNRNNN,1606379948,CMSSW_11_3_X,cms-sw/cmssw
1602187308,NA,31723,1,60,0,7,fwyzard,NNNNNANNNNPNNNNANANNN,1617624534,CMSSW_11_3_X,cms-sw/cmssw
1602077130,NA,31697,1,20,0,9,makortel,PNNNNNNNNNNNNNNRAAPNN,1606379937,CMSSW_11_3_X,cms-sw/cmssw
1601987910,NA,31684,1,111,0,6,ErnestaP,NNNNNPPNNNNNNNNNNPNNN,1615910137,CMSSW_11_3_X,cms-sw/cmssw
1600267685,NA,31487,1,14,0,6,mmusich,PNNNNNNNNNNNNNNNNPNNN,1606379931,CMSSW_11_3_X,cms-sw/cmssw
1599731281,NA,31425,1,25,0,5,davidlange6,NNPNNNNNNNNNNNNNNPNNN,1616597562,CMSSW_11_3_X,cms-sw/cmssw
1599594376,NA,31399,1,47,0,7,czkaiweb,NNNNNNNNNNNNNNNRNANNP,1613203508,CMSSW_11_3_X,cms-sw/cmssw
1598892725,NA,31305,1,14,0,6,mrodozov,NNPNNNNNNNNNNNNNNANNN,1616598517,CMSSW_11_3_X,cms-sw/cmssw
1595332850,NA,30847,1,34,0,6,aehart,NNNNNNNNNNNNPNNNNANNN,1608025237,CMSSW_11_3_X,cms-sw/cmssw
1594358313,NA,30629,1,23,0,6,fwyzard,NNPNNNNNNNNNNNNNNANNN,1606379920,CMSSW_11_3_X,cms-sw/cmssw
1594206428,NA,30594,1,111,0,5,andrius-k,NNNNNNPNNNNNNNNNNPNNN,1607601452,CMSSW_11_3_X,cms-sw/cmssw
1591366749,NA,30126,1,57,0,8,mtosi,NNNNNNNNNRNNNNNNNARNN,1617077905,CMSSW_11_3_X,cms-sw/cmssw
1568296225,NA,27983,1,330,0,12,fwyzard,NNNNNPNPNNAANNPPPAPNN,1616562613,CMSSW_11_3_X,cms-sw/cmssw
